GEOID,POPULATION,TRACTCE
17001000100,4644,100
17001000201,2067,201
17001000202,2870,202
17001000400,3793,400
17001000500,1719,500
17001000600,3590,600
17001000700,1243,700
17001000800,2455,800
17001000900,2572,900
17001001001,3245,1001
17001001002,3109,1002
17001001100,8015,1100
17001010100,4403,10100
17001010200,3634,10200
17001010301,2800,10301
17001010302,3062,10302
17001010400,3605,10400
17001010500,3069,10500
17001010600,5842,10600
17003957600,1820,957600
17003957700,1491,957700
17003957800,1030,957800
17003957900,899,957900
17005951200,2924,951200
17005951300,6883,951300
17005951400,2918,951400
17005951500,4000,951500
17007010101,4396,10101
17007010102,3756,10102
17007010200,5640,10200
17007010300,6674,10300
17007010400,6912,10400
17007010501,4501,10501
17007010502,5795,10502
17007010601,3847,10601
17007010603,6380,10603
17007010604,5547,10604
17009970400,2349,970400
17009970500,3895,970500
17011964700,2866,964700
17011964800,3231,964800
17011964900,2635,964900
17011965000,3668,965000
17011965100,4224,965100
17011965200,3474,965200
17011965300,3370,965300
17011965400,3555,965400
17011965500,3506,965500
17011965600,2715,965600
17013951200,2306,951200
17013951300,2131,951300
17015960100,3773,960100
17015960200,1976,960200
17015960300,3000,960300
17015960400,1944,960400
17015960500,2461,960500
17015960600,2548,960600
17017960100,2251,960100
17017960200,2501,960200
17017960300,3054,960300
17017960400,2545,960400
17017960500,2691,960500
17019000200,2266,200
17019000301,6593,301
17019000302,3830,302
17019000401,5125,401
17019000402,4001,402
17019000500,3608,500
17019000700,3290,700
17019000800,6052,800
17019000901,4731,901
17019000902,6833,902
17019001000,4366,1000
17019001100,3519,1100
17019001201,6611,1201
17019001203,4414,1203
17019001204,3453,1204
17019001205,7271,1205
17019001206,1886,1206
17019001301,5796,1301
17019001302,4892,1302
17019001400,7616,1400
17019005300,3800,5300
17019005401,4531,5401
17019005402,3170,5402
17019005500,5289,5500
17019005601,6088,5601
17019005602,2441,5602
17019005701,5030,5701
17019005702,1559,5702
17019005800,3479,5800
17019005901,2722,5901
17019005902,2402,5902
17019006000,3218,6000
17019010100,4529,10100
17019010204,4377,10204
17019010300,3494,10300
17019010400,4498,10400
17019010500,4593,10500
17019010601,5749,10601
17019010603,7972,10603
17019010604,2451,10604
17019010701,3875,10701
17019010702,3767,10702
17019010800,4313,10800
17019010901,6029,10901
17019010902,4215,10902
17019011001,2072,11001
17019011002,1888,11002
17019011100,2161,11100
17021958100,2835,958100
17021958200,3593,958200
17021958300,3975,958300
17021958400,3719,958400
17021958500,2138,958500
17021958600,2155,958600
17021958700,5819,958700
17021958800,2448,958800
17021958900,2554,958900
17021959000,4796,959000
17023060100,4696,60100
17023060200,4312,60200
17023060300,4850,60300
17023060400,1597,60400
17025971900,2376,971900
17025972000,2829,972000
17025972100,5155,972100
17025972200,2928,972200
17027900100,6512,900100
17027900200,1910,900200
17027900300,6928,900300
17027900401,1201,900401
17027900403,3921,900403
17027900404,1403,900404
17027900500,5664,900500
17027900601,2460,900601
17027900602,6900,900602
17029000100,2658,100
17029000200,5556,200
17029000300,4293,300
17029000400,2629,400
17029000500,6017,500
17029000600,3228,600
17029000701,2806,701
17029000702,2767,702
17029000800,2831,800
17029000900,4109,900
17029001000,3177,1000
17029001100,3464,1100
17029001200,3328,1200
17031010100,4905,10100
17031010201,6939,10201
17031010202,2742,10202
17031010300,6305,10300
17031010400,5079,10400
17031010501,4206,10501
17031010502,3278,10502
17031010503,2565,10503
17031010600,6225,10600
17031010701,3673,10701
17031010702,4776,10702
17031020100,4202,20100
17031020200,7128,20200
17031020301,5261,20301
17031020302,5010,20302
17031020400,4435,20400
17031020500,6599,20500
17031020601,6699,20601
17031020602,4662,20602
17031020701,1879,20701
17031020702,7717,20702
17031020801,5648,20801
17031020802,7546,20802
17031020901,5848,20901
17031020902,4488,20902
17031030101,3687,30101
17031030102,3121,30102
17031030103,2104,30103
17031030104,3521,30104
17031030200,5627,30200
17031030300,3148,30300
17031030400,2597,30400
17031030500,6183,30500
17031030601,3293,30601
17031030603,2045,30603
17031030604,3737,30604
17031030701,1671,30701
17031030702,2318,30702
17031030703,3075,30703
17031030706,2933,30706
17031030800,4284,30800
17031030900,2952,30900
17031031000,3868,31000
17031031100,4691,31100
17031031200,5541,31200
17031031300,6719,31300
17031031400,5221,31400
17031031501,4155,31501
17031031502,4712,31502
17031031700,6294,31700
17031031800,1910,31800
17031031900,2522,31900
17031032100,7543,32100
17031040100,3905,40100
17031040201,6408,40201
17031040202,7318,40202
17031040300,2928,40300
17031040401,3129,40401
17031040402,4746,40402
17031040600,2530,40600
17031040700,3426,40700
17031040800,1636,40800
17031040900,2063,40900
17031050100,2568,50100
17031050200,5309,50200
17031050300,2671,50300
17031050500,5117,50500
17031050600,2443,50600
17031050700,1513,50700
17031050800,1406,50800
17031050900,1426,50900
17031051000,1538,51000
17031051100,1599,51100
17031051200,1581,51200
17031051300,2907,51300
17031051400,2492,51400
17031060100,2830,60100
17031060200,2313,60200
17031060300,3076,60300
17031060400,3709,60400
17031060500,1374,60500
17031060800,5295,60800
17031060900,7104,60900
17031061000,2279,61000
17031061100,1367,61100
17031061200,1932,61200
17031061500,1797,61500
17031061800,1051,61800
17031061901,3625,61901
17031061902,4665,61902
17031062000,2843,62000
17031062100,3817,62100
17031062200,3244,62200
17031062300,1667,62300
17031062400,1673,62400
17031062500,1675,62500
17031062600,2477,62600
17031062700,2955,62700
17031062800,3851,62800
17031062900,4125,62900
17031063000,3417,63000
17031063100,2376,63100
17031063200,6900,63200
17031063301,2833,63301
17031063302,4577,63302
17031063303,1274,63303
17031063400,2417,63400
17031070101,4171,70101
17031070102,3063,70102
17031070103,1845,70103
17031070200,4200,70200
17031070300,4349,70300
17031070400,3250,70400
17031070500,3322,70500
17031070600,3449,70600
17031070700,3699,70700
17031071000,4357,71000
17031071100,3091,71100
17031071200,2973,71200
17031071300,3893,71300
17031071400,4962,71400
17031071500,6282,71500
17031071600,1793,71600
17031071700,1660,71700
17031071800,2652,71800
17031080100,6388,80100
17031080201,3375,80201
17031080202,4225,80202
17031080300,5499,80300
17031080400,4569,80400
17031081000,8746,81000
17031081100,4187,81100
17031081201,5080,81201
17031081202,3357,81202
17031081300,5540,81300
17031081401,2508,81401
17031081402,7052,81402
17031081403,9843,81403
17031081500,5917,81500
17031081600,4168,81600
17031081700,5537,81700
17031081800,11373,81800
17031081900,1325,81900
17031090100,3585,90100
17031090200,6626,90200
17031090300,1314,90300
17031100100,5538,100100
17031100200,7024,100200
17031100300,6252,100300
17031100400,3207,100400
17031100500,6116,100500
17031100600,4897,100600
17031100700,4967,100700
17031110100,5568,110100
17031110200,2772,110200
17031110300,5348,110300
17031110400,4522,110400
17031110501,4786,110501
17031110502,3220,110502
17031120100,4402,120100
17031120200,4748,120200
17031120300,6920,120300
17031120400,3526,120400
17031130100,5205,130100
17031130200,1403,130200
17031130300,5083,130300
17031140100,3464,140100
17031140200,5834,140200
17031140301,2693,140301
17031140302,4060,140302
17031140400,6503,140400
17031140500,3451,140500
17031140601,2545,140601
17031140602,5041,140602
17031140701,2784,140701
17031140702,5535,140702
17031140800,6486,140800
17031150200,7434,150200
17031150300,7120,150300
17031150401,4681,150401
17031150402,3831,150402
17031150501,3823,150501
17031150502,4239,150502
17031150600,3882,150600
17031150700,4429,150700
17031150800,4903,150800
17031151001,2833,151001
17031151002,4588,151002
17031151100,5140,151100
17031151200,3880,151200
17031160100,2444,160100
17031160200,3278,160200
17031160300,3769,160300
17031160400,4854,160400
17031160501,3703,160501
17031160502,3300,160502
17031160601,3380,160601
17031160602,3481,160602
17031160700,5766,160700
17031160800,4997,160800
17031160900,2410,160900
17031161000,1899,161000
17031161100,1940,161100
17031161200,2820,161200
17031161300,3899,161300
17031170100,2034,170100
17031170200,3812,170200
17031170300,5216,170300
17031170400,4141,170400
17031170500,5316,170500
17031170600,2551,170600
17031170700,3068,170700
17031170800,3799,170800
17031170900,1662,170900
17031171000,7313,171000
17031171100,4235,171100
17031180100,6656,180100
17031190100,2325,190100
17031190200,5652,190200
17031190300,5738,190300
17031190401,4325,190401
17031190402,5294,190402
17031190601,4382,190601
17031190602,5378,190602
17031190701,2972,190701
17031190702,4952,190702
17031190800,6831,190800
17031190900,1927,190900
17031191000,2422,191000
17031191100,7533,191100
17031191200,3810,191200
17031191301,5214,191301
17031191302,4940,191302
17031200100,4118,200100
17031200200,5162,200200
17031200300,2015,200300
17031200401,3743,200401
17031200402,4192,200402
17031210100,4066,210100
17031210400,2912,210400
17031210501,3555,210501
17031210502,4099,210502
17031210601,2717,210601
17031210602,4148,210602
17031210700,3907,210700
17031210800,986,210800
17031210900,3170,210900
17031220300,2207,220300
17031220400,2579,220400
17031220500,2751,220500
17031220601,1635,220601
17031220602,4877,220602
17031220701,2920,220701
17031220702,3653,220702
17031220901,2903,220901
17031220902,2959,220902
17031221000,2432,221000
17031221100,4440,221100
17031221200,2954,221200
17031221300,3062,221300
17031221400,3385,221400
17031221500,2909,221500
17031221600,3159,221600
17031222200,2156,222200
17031222500,1415,222500
17031222600,1599,222600
17031222700,2082,222700
17031222800,960,222800
17031222900,1089,222900
17031230100,1504,230100
17031230200,1834,230200
17031230300,956,230300
17031230400,2235,230400
17031230500,3419,230500
17031230600,6817,230600
17031230700,6218,230700
17031230800,1234,230800
17031230900,5044,230900
17031231100,1214,231100
17031231200,5983,231200
17031231500,5655,231500
17031240200,1556,240200
17031240300,1362,240300
17031240500,2610,240500
17031240600,1489,240600
17031240700,1499,240700
17031240800,1687,240800
17031240900,1122,240900
17031241000,2363,241000
17031241100,3574,241100
17031241200,1714,241200
17031241300,1848,241300
17031241400,5273,241400
17031241500,2954,241500
17031241600,3534,241600
17031242000,4692,242000
17031242100,3976,242100
17031242200,4082,242200
17031242300,3568,242300
17031242400,2902,242400
17031242500,3426,242500
17031242600,5665,242600
17031242700,1938,242700
17031242800,1507,242800
17031242900,1962,242900
17031243000,2234,243000
17031243100,2249,243100
17031243200,2287,243200
17031243300,2431,243300
17031243400,2880,243400
17031243500,4746,243500
17031250200,2779,250200
17031250300,4742,250300
17031250400,5789,250400
17031250500,7315,250500
17031250600,4203,250600
17031250700,5932,250700
17031250800,2432,250800
17031251000,1075,251000
17031251100,4468,251100
17031251200,3910,251200
17031251300,5098,251300
17031251400,3986,251400
17031251500,4342,251500
17031251600,3522,251600
17031251700,1347,251700
17031251800,5101,251800
17031251900,5387,251900
17031252000,5646,252000
17031252101,1502,252101
17031252102,6187,252102
17031252201,2940,252201
17031252202,4783,252202
17031260100,1477,260100
17031260200,1054,260200
17031260300,1528,260300
17031260400,1398,260400
17031260500,1833,260500
17031260600,2114,260600
17031260700,1691,260700
17031260800,2271,260800
17031260900,1778,260900
17031261000,2289,261000
17031270500,1619,270500
17031271200,1172,271200
17031271300,1060,271300
17031271400,1535,271400
17031271500,1373,271500
17031271800,976,271800
17031280100,7421,280100
17031280400,1231,280400
17031280800,1198,280800
17031280900,1077,280900
17031281900,7031,281900
17031282700,2558,282700
17031282800,1634,282800
17031283100,2717,283100
17031283200,1670,283200
17031283800,3343,283800
17031290900,3975,290900
17031291200,2286,291200
17031291600,874,291600
17031292200,2942,292200
17031292400,2041,292400
17031292500,4057,292500
17031300500,3243,300500
17031300600,3253,300600
17031300700,4798,300700
17031300800,4136,300800
17031300900,4553,300900
17031301100,2323,301100
17031301200,4087,301200
17031301600,4995,301600
17031301701,4279,301701
17031301702,4121,301702
17031301801,3947,301801
17031301802,3376,301802
17031301803,5107,301803
17031310200,1588,310200
17031310300,1767,310300
17031310400,1375,310400
17031310500,1399,310500
17031310600,5498,310600
17031310700,1700,310700
17031310800,4175,310800
17031310900,4781,310900
17031320101,9532,320101
17031320102,4846,320102
17031320400,2856,320400
17031320600,6395,320600
17031330101,4592,330101
17031330102,10811,330102
17031330103,8248,330103
17031330200,4008,330200
17031340300,1865,340300
17031340400,1844,340400
17031340500,1629,340500
17031340600,1151,340600
17031350100,2228,350100
17031350400,1512,350400
17031351000,3640,351000
17031351100,2038,351100
17031351400,1392,351400
17031351500,823,351500
17031360200,1651,360200
17031380100,2207,380100
17031380200,2408,380200
17031380600,3947,380600
17031381200,2077,381200
17031381400,1796,381400
17031381500,667,381500
17031381700,18,381700
17031381800,1462,381800
17031381900,1106,381900
17031390100,1553,390100
17031390200,1883,390200
17031390300,2617,390300
17031390400,2871,390400
17031390500,1666,390500
17031390600,1994,390600
17031390700,6532,390700
17031400300,1504,400300
17031400400,1995,400400
17031400500,2372,400500
17031400800,3178,400800
17031410100,2272,410100
17031410200,1165,410200
17031410500,2922,410500
17031410600,2371,410600
17031410700,2399,410700
17031410800,2993,410800
17031410900,3670,410900
17031411000,3902,411000
17031411100,2379,411100
17031411200,1713,411200
17031420100,1642,420100
17031420200,1781,420200
17031420300,2818,420300
17031420400,1544,420400
17031420500,2053,420500
17031420600,2524,420600
17031420700,3021,420700
17031420800,2457,420800
17031421200,1405,421200
17031430101,4091,430101
17031430102,3104,430102
17031430200,5086,430200
17031430300,2558,430300
17031430400,3031,430400
17031430500,4098,430500
17031430600,1670,430600
17031430700,2175,430700
17031430800,1862,430800
17031430900,1797,430900
17031431200,2898,431200
17031431301,3590,431301
17031431302,4351,431302
17031431400,6716,431400
17031440101,4171,440101
17031440102,3633,440102
17031440201,5054,440201
17031440202,3525,440202
17031440300,4677,440300
17031440600,1996,440600
17031440700,1497,440700
17031440800,1620,440800
17031440900,2462,440900
17031450300,3252,450300
17031460100,2840,460100
17031460200,1948,460200
17031460301,2987,460301
17031460302,3282,460302
17031460400,3411,460400
17031460500,5400,460500
17031460800,3639,460800
17031461000,1460,461000
17031470100,2527,470100
17031480100,2001,480100
17031480200,1103,480200
17031480300,1348,480300
17031480400,5650,480400
17031480500,2986,480500
17031490200,3040,490200
17031490500,1995,490500
17031490600,1443,490600
17031490700,2656,490700
17031490800,3502,490800
17031490901,3403,490901
17031490902,4647,490902
17031491000,3807,491000
17031491100,4079,491100
17031491200,2019,491200
17031491300,2023,491300
17031491400,2593,491400
17031500100,3545,500100
17031500200,1688,500200
17031500300,1587,500300
17031510100,3231,510100
17031510200,2922,510200
17031510300,4850,510300
17031520100,1745,520100
17031520200,3338,520200
17031520300,5675,520300
17031520400,4055,520400
17031520500,4420,520500
17031520600,2530,520600
17031530100,2197,530100
17031530200,4128,530200
17031530300,3964,530300
17031530400,2059,530400
17031530501,4514,530501
17031530502,1570,530502
17031530503,4898,530503
17031530600,2774,530600
17031540101,4324,540101
17031540102,2938,540102
17031550100,7019,550100
17031550200,2969,550200
17031560100,1477,560100
17031560200,1710,560200
17031560300,3253,560300
17031560400,1630,560400
17031560700,3635,560700
17031560800,5682,560800
17031560900,5112,560900
17031561000,5308,561000
17031561100,5581,561100
17031570100,1316,570100
17031570200,2096,570200
17031570300,6376,570300
17031570400,1769,570400
17031570500,2639,570500
17031580100,3228,580100
17031580200,3466,580200
17031580300,2577,580300
17031580400,4546,580400
17031580501,5170,580501
17031580502,5345,580502
17031580600,5405,580600
17031580700,5621,580700
17031580800,2058,580800
17031590500,1854,590500
17031590600,3477,590600
17031590700,3027,590700
17031600400,4297,600400
17031600600,2988,600600
17031600700,2591,600700
17031600900,3682,600900
17031610300,5410,610300
17031610400,2029,610400
17031610800,1512,610800
17031611200,2680,611200
17031611300,3668,611300
17031611400,3737,611400
17031611500,3587,611500
17031611600,1921,611600
17031611700,2180,611700
17031611800,2205,611800
17031611900,1984,611900
17031612000,1448,612000
17031612100,1168,612100
17031612200,3939,612200
17031620100,4567,620100
17031620200,2390,620200
17031620300,6410,620300
17031620400,5027,620400
17031630300,5385,630300
17031630400,7204,630400
17031630500,6271,630500
17031630600,3250,630600
17031630800,6641,630800
17031630900,5204,630900
17031640100,1312,640100
17031640300,6710,640300
17031640400,3390,640400
17031640500,3896,640500
17031640600,4063,640600
17031640700,3298,640700
17031640800,1799,640800
17031650100,4765,650100
17031650200,7251,650200
17031650301,5829,650301
17031650302,4522,650302
17031650400,6894,650400
17031650500,4401,650500
17031660301,1850,660301
17031660302,5549,660302
17031660400,5692,660400
17031660500,5013,660500
17031660600,6404,660600
17031660700,2076,660700
17031660800,6114,660800
17031660900,4446,660900
17031661000,5756,661000
17031661100,6633,661100
17031670100,1349,670100
17031670200,1325,670200
17031670300,1287,670300
17031670400,1585,670400
17031670500,1148,670500
17031670600,1339,670600
17031670700,1252,670700
17031670800,1477,670800
17031670900,1172,670900
17031671100,994,671100
17031671200,980,671200
17031671300,2048,671300
17031671400,1558,671400
17031671500,2716,671500
17031671600,1804,671600
17031671800,1142,671800
17031671900,1122,671900
17031672000,3397,672000
17031680500,1307,680500
17031680600,1165,680600
17031680900,3573,680900
17031681000,2573,681000
17031681100,2873,681100
17031681200,2353,681200
17031681300,2182,681300
17031681400,2474,681400
17031690300,2302,690300
17031690400,3363,690400
17031690500,992,690500
17031690900,4250,690900
17031691000,2668,691000
17031691100,2980,691100
17031691200,2277,691200
17031691300,2374,691300
17031691400,3411,691400
17031691500,1806,691500
17031700100,3326,700100
17031700200,6554,700200
17031700301,5762,700301
17031700302,5662,700302
17031700401,5822,700401
17031700402,4082,700402
17031700501,6912,700501
17031700502,2978,700502
17031710100,1015,710100
17031710200,4635,710200
17031710300,1424,710300
17031710400,5424,710400
17031710500,4036,710500
17031710600,1706,710600
17031710700,3420,710700
17031710800,4804,710800
17031710900,1942,710900
17031711000,3058,711000
17031711100,2499,711100
17031711200,4687,711200
17031711300,1462,711300
17031711400,2394,711400
17031711500,2372,711500
17031720100,3344,720100
17031720200,4131,720200
17031720300,3637,720300
17031720400,1961,720400
17031720500,2086,720500
17031720600,1691,720600
17031720700,3073,720700
17031730100,2462,730100
17031730201,5627,730201
17031730202,2893,730202
17031730300,1046,730300
17031730400,3386,730400
17031730500,4220,730500
17031730600,3254,730600
17031730700,2281,730700
17031740100,3234,740100
17031740200,5830,740200
17031740300,4869,740300
17031740400,4695,740400
17031750100,3736,750100
17031750200,3024,750200
17031750300,2470,750300
17031750400,2909,750400
17031750500,5618,750500
17031750600,3420,750600
17031760801,4403,760801
17031760802,2374,760802
17031760803,6394,760803
17031770201,5894,770201
17031770202,5060,770202
17031770300,7234,770300
17031770400,4375,770400
17031770500,4632,770500
17031770601,3272,770601
17031770602,4762,770602
17031770700,2537,770700
17031770800,5661,770800
17031770901,5245,770901
17031770902,3732,770902
17031800100,2395,800100
17031800200,6466,800200
17031800300,3613,800300
17031800400,3936,800400
17031800500,5133,800500
17031800600,2429,800600
17031800700,5257,800700
17031800800,2426,800800
17031800900,4505,800900
17031801000,5337,801000
17031801100,4871,801100
17031801200,3651,801200
17031801300,4430,801300
17031801400,2922,801400
17031801500,6572,801500
17031801601,4734,801601
17031801603,4138,801603
17031801605,5883,801605
17031801606,6716,801606
17031801607,5225,801607
17031801608,7057,801608
17031801701,3846,801701
17031801702,4756,801702
17031801800,5972,801800
17031801901,5016,801901
17031801902,3420,801902
17031802002,5130,802002
17031802003,2679,802003
17031802004,5871,802004
17031802100,3734,802100
17031802200,4848,802200
17031802300,5968,802300
17031802402,5543,802402
17031802403,1531,802403
17031802404,7558,802404
17031802503,6412,802503
17031802504,6442,802504
17031802505,6723,802505
17031802506,2285,802506
17031802605,7125,802605
17031802607,1536,802607
17031802608,6730,802608
17031802609,6290,802609
17031802610,1757,802610
17031802701,6682,802701
17031802702,4710,802702
17031802801,5041,802801
17031802802,6991,802802
17031802900,6055,802900
17031803005,2614,803005
17031803007,5153,803007
17031803008,4767,803008
17031803010,5351,803010
17031803012,2234,803012
17031803013,5490,803013
17031803014,3677,803014
17031803015,4631,803015
17031803016,2490,803016
17031803017,6283,803017
17031803100,3616,803100
17031803200,5586,803200
17031803300,5726,803300
17031803400,6592,803400
17031803500,5803,803500
17031803603,6824,803603
17031803604,4209,803604
17031803605,7002,803605
17031803607,4819,803607
17031803608,7544,803608
17031803611,5698,803611
17031803612,3831,803612
17031803613,3434,803613
17031803614,4422,803614
17031803615,2752,803615
17031803616,4635,803616
17031803701,2707,803701
17031803702,6376,803702
17031803800,4522,803800
17031803901,3935,803901
17031803902,3429,803902
17031804000,4763,804000
17031804102,7307,804102
17031804104,4949,804104
17031804105,4168,804105
17031804106,7264,804106
17031804108,4798,804108
17031804109,3078,804109
17031804202,7793,804202
17031804203,3458,804203
17031804204,5263,804204
17031804305,6952,804305
17031804306,5626,804306
17031804308,5518,804308
17031804309,3038,804309
17031804312,2238,804312
17031804313,6354,804313
17031804314,1682,804314
17031804315,2446,804315
17031804316,5027,804316
17031804403,7297,804403
17031804404,5147,804404
17031804405,3570,804405
17031804406,6292,804406
17031804505,3970,804505
17031804506,5472,804506
17031804508,2343,804508
17031804509,6012,804509
17031804510,5872,804510
17031804511,2426,804511
17031804512,3995,804512
17031804513,4065,804513
17031804514,4690,804514
17031804603,5651,804603
17031804606,7088,804606
17031804607,7123,804607
17031804608,4027,804608
17031804609,6147,804609
17031804610,2524,804610
17031804611,4653,804611
17031804701,7045,804701
17031804705,4148,804705
17031804706,2553,804706
17031804709,6814,804709
17031804710,4292,804710
17031804711,7629,804711
17031804712,5456,804712
17031804713,5037,804713
17031804714,3534,804714
17031804715,3426,804715
17031804716,5360,804716
17031804803,5721,804803
17031804804,6809,804804
17031804805,6860,804805
17031804806,3796,804806
17031804807,5224,804807
17031804808,2596,804808
17031804809,4259,804809
17031804810,7097,804810
17031804901,6927,804901
17031804902,5626,804902
17031805001,4985,805001
17031805002,7422,805002
17031805105,7278,805105
17031805106,2778,805106
17031805107,6793,805107
17031805108,6400,805108
17031805109,4396,805109
17031805110,4440,805110
17031805111,7786,805111
17031805112,3482,805112
17031805201,3475,805201
17031805202,4078,805202
17031805301,3588,805301
17031805302,3873,805302
17031805401,4056,805401
17031805402,5467,805402
17031805501,3998,805501
17031805502,4295,805502
17031805600,4710,805600
17031805701,5485,805701
17031805702,2089,805702
17031805801,2580,805801
17031805802,5096,805802
17031805901,4341,805901
17031805902,6503,805902
17031806001,5818,806001
17031806002,7833,806002
17031806004,7554,806004
17031806005,3258,806005
17031806006,4885,806006
17031806102,4400,806102
17031806103,5269,806103
17031806104,4134,806104
17031806201,4908,806201
17031806202,4998,806202
17031806300,4687,806300
17031806400,2492,806400
17031806501,2665,806501
17031806502,4202,806502
17031806600,3602,806600
17031806700,4486,806700
17031806801,4294,806801
17031806802,3445,806802
17031806900,5342,806900
17031807000,5866,807000
17031807100,3984,807100
17031807200,6059,807200
17031807300,7718,807300
17031807400,6824,807400
17031807500,3327,807500
17031807600,6705,807600
17031807700,6147,807700
17031807800,2878,807800
17031807900,4201,807900
17031808001,3981,808001
17031808002,5281,808002
17031808100,4010,808100
17031808200,5646,808200
17031808301,6520,808301
17031808302,4367,808302
17031808400,4622,808400
17031808500,4239,808500
17031808600,2465,808600
17031808702,5481,808702
17031808800,3988,808800
17031808900,4149,808900
17031809000,4001,809000
17031809100,3437,809100
17031809200,4980,809200
17031809300,5043,809300
17031809401,2747,809401
17031809402,3374,809402
17031809500,4346,809500
17031809600,3319,809600
17031809700,3714,809700
17031809800,2678,809800
17031809900,3046,809900
17031810000,5640,810000
17031810100,4480,810100
17031810200,6222,810200
17031810301,4105,810301
17031810302,3360,810302
17031810400,5409,810400
17031810501,5293,810501
17031810502,5355,810502
17031810600,4949,810600
17031810701,4865,810701
17031810702,3914,810702
17031810800,5124,810800
17031810900,6360,810900
17031811000,4258,811000
17031811100,6703,811100
17031811200,5401,811200
17031811301,4802,811301
17031811302,3565,811302
17031811401,5001,811401
17031811402,4572,811402
17031811500,6031,811500
17031811600,6053,811600
17031811701,3455,811701
17031811702,5384,811702
17031811800,5644,811800
17031811900,6051,811900
17031812000,5666,812000
17031812100,4763,812100
17031812200,3984,812200
17031812301,4978,812301
17031812302,2681,812302
17031812400,3458,812400
17031812500,3680,812500
17031812600,3898,812600
17031812700,3192,812700
17031812801,3387,812801
17031812802,2521,812802
17031812900,4846,812900
17031813000,3935,813000
17031813100,4678,813100
17031813200,4582,813200
17031813301,3634,813301
17031813302,3858,813302
17031813400,7571,813400
17031813500,7169,813500
17031813600,5443,813600
17031813701,3886,813701
17031813702,4199,813702
17031813801,2856,813801
17031813802,4958,813802
17031813900,6768,813900
17031814000,4706,814000
17031814100,4683,814100
17031814200,7671,814200
17031814300,4690,814300
17031814400,7781,814400
17031814500,5395,814500
17031814600,5616,814600
17031814700,5548,814700
17031814800,6445,814800
17031814900,6557,814900
17031815000,4254,815000
17031815100,4318,815100
17031815200,6901,815200
17031815300,3756,815300
17031815400,5545,815400
17031815500,8310,815500
17031815600,5608,815600
17031815701,4124,815701
17031815702,5302,815702
17031815800,1630,815800
17031815900,4773,815900
17031816000,3307,816000
17031816100,6259,816100
17031816200,4163,816200
17031816300,4778,816300
17031816401,4664,816401
17031816402,4460,816402
17031816500,4262,816500
17031816600,4522,816600
17031816700,2693,816700
17031816800,5765,816800
17031816900,5561,816900
17031817000,5510,817000
17031817101,4563,817101
17031817102,3158,817102
17031817200,4821,817200
17031817300,2799,817300
17031817400,3652,817400
17031817500,3612,817500
17031817600,3825,817600
17031817700,4803,817700
17031817900,5532,817900
17031818000,4428,818000
17031818100,2330,818100
17031818200,4762,818200
17031818300,5922,818300
17031818401,3613,818401
17031818402,3282,818402
17031818500,5650,818500
17031818600,5093,818600
17031818700,3691,818700
17031818800,5692,818800
17031818900,4496,818900
17031819000,4768,819000
17031819100,4600,819100
17031819200,6154,819200
17031819300,2777,819300
17031819400,5686,819400
17031819500,3664,819500
17031819600,4083,819600
17031819700,6028,819700
17031819801,5364,819801
17031819802,2741,819802
17031819900,3514,819900
17031820000,2230,820000
17031820101,7889,820101
17031820103,4285,820103
17031820104,4453,820104
17031820202,3128,820202
17031820203,4038,820203
17031820204,4434,820204
17031820300,5588,820300
17031820400,5556,820400
17031820501,5905,820501
17031820502,5380,820502
17031820603,5530,820603
17031820604,3689,820604
17031820605,4523,820605
17031820606,3866,820606
17031820700,7110,820700
17031820800,3695,820800
17031820901,5582,820901
17031820902,5051,820902
17031821001,5205,821001
17031821002,5764,821002
17031821101,4876,821101
17031821102,4231,821102
17031821200,5641,821200
17031821300,5477,821300
17031821401,2870,821401
17031821402,3200,821402
17031821500,1421,821500
17031821600,4542,821600
17031821700,4859,821700
17031821800,5415,821800
17031821900,5129,821900
17031822000,4343,822000
17031822101,4606,822101
17031822102,4504,822102
17031822200,3929,822200
17031822301,4088,822301
17031822302,4447,822302
17031822400,6362,822400
17031822500,4496,822500
17031822601,4793,822601
17031822602,7296,822602
17031822701,4438,822701
17031822702,3828,822702
17031822801,3258,822801
17031822802,3669,822802
17031822900,2078,822900
17031823001,6624,823001
17031823002,6006,823002
17031823101,4515,823101
17031823102,3642,823102
17031823200,4775,823200
17031823302,5739,823302
17031823303,4581,823303
17031823304,5872,823304
17031823400,4892,823400
17031823500,4301,823500
17031823602,6209,823602
17031823603,2021,823603
17031823604,3509,823604
17031823605,4177,823605
17031823702,7050,823702
17031823703,8659,823703
17031823704,4191,823704
17031823705,4666,823705
17031823801,5873,823801
17031823803,7146,823803
17031823805,3189,823805
17031823806,3847,823806
17031823901,3515,823901
17031823903,4657,823903
17031823904,4043,823904
17031824003,6242,824003
17031824004,5374,824004
17031824005,5933,824005
17031824006,5096,824006
17031824105,7297,824105
17031824106,7021,824106
17031824107,6747,824107
17031824113,6322,824113
17031824114,5299,824114
17031824115,3843,824115
17031824116,5244,824116
17031824119,5456,824119
17031824121,3138,824121
17031824122,6209,824122
17031824123,7753,824123
17031824124,3679,824124
17031824125,4098,824125
17031824126,5951,824126
17031824127,3706,824127
17031824128,4638,824128
17031824129,4357,824129
17031824300,4499,824300
17031824400,2007,824400
17031824503,6880,824503
17031824505,6783,824505
17031824507,4136,824507
17031824508,3699,824508
17031824509,4154,824509
17031824601,4392,824601
17031824602,6245,824602
17031824701,3782,824701
17031824702,5453,824702
17031824800,7178,824800
17031824900,3244,824900
17031825000,4766,825000
17031825200,2016,825200
17031825302,5938,825302
17031825303,3785,825303
17031825304,3923,825304
17031825400,5337,825400
17031825501,5766,825501
17031825503,6540,825503
17031825504,3591,825504
17031825505,5364,825505
17031825600,5138,825600
17031825700,4046,825700
17031825801,3569,825801
17031825802,5862,825802
17031825803,5908,825803
17031825900,3296,825900
17031826000,2660,826000
17031826100,5931,826100
17031826201,3844,826201
17031826202,5710,826202
17031826301,3923,826301
17031826303,4068,826303
17031826304,2874,826304
17031826401,3725,826401
17031826402,4728,826402
17031826500,5614,826500
17031826600,4595,826600
17031826700,4573,826700
17031826800,4596,826800
17031826901,1462,826901
17031826902,1255,826902
17031827000,2968,827000
17031827100,2265,827100
17031827200,3693,827200
17031827300,2277,827300
17031827400,3230,827400
17031827500,4465,827500
17031827600,3012,827600
17031827700,2452,827700
17031827801,4645,827801
17031827802,3314,827802
17031827804,3149,827804
17031827805,2953,827805
17031827901,2421,827901
17031827902,4558,827902
17031828000,5411,828000
17031828100,5083,828100
17031828201,4491,828201
17031828202,4590,828202
17031828300,3363,828300
17031828401,3598,828401
17031828402,3688,828402
17031828503,4322,828503
17031828504,5474,828504
17031828505,6682,828505
17031828507,3999,828507
17031828508,4630,828508
17031828601,4198,828601
17031828602,4666,828602
17031828701,3780,828701
17031828702,4742,828702
17031828801,5122,828801
17031828802,2982,828802
17031828900,3399,828900
17031829000,882,829000
17031829100,3512,829100
17031829200,5547,829200
17031829301,3931,829301
17031829302,3633,829302
17031829401,1049,829401
17031829402,3088,829402
17031829500,4001,829500
17031829600,3035,829600
17031829700,3344,829700
17031829800,6891,829800
17031829902,6457,829902
17031829903,4529,829903
17031829904,4168,829904
17031830001,2432,830001
17031830003,7640,830003
17031830004,7529,830004
17031830005,3768,830005
17031830006,2526,830006
17031830007,4638,830007
17031830008,4342,830008
17031830100,3297,830100
17031830201,5105,830201
17031830202,3377,830202
17031830300,5369,830300
17031830400,4091,830400
17031830500,4410,830500
17031830600,4935,830600
17031830700,4006,830700
17031830800,2405,830800
17031830900,3076,830900
17031831000,2633,831000
17031831100,6697,831100
17031831200,4832,831200
17031831300,1251,831300
17031831400,2820,831400
17031831500,4421,831500
17031831600,7745,831600
17031831700,2237,831700
17031831800,5868,831800
17031831900,3040,831900
17031832000,2062,832000
17031832100,3410,832100
17031832200,3289,832200
17031832300,2054,832300
17031832400,3601,832400
17031832500,3334,832500
17031832600,4147,832600
17031832900,1995,832900
17031833000,5637,833000
17031833100,9493,833100
17031833300,2912,833300
17031833900,2333,833900
17031834000,3609,834000
17031834200,4693,834200
17031834300,6240,834300
17031834400,3765,834400
17031834500,1765,834500
17031834600,2357,834600
17031834700,1759,834700
17031834800,1753,834800
17031834900,1952,834900
17031835000,6398,835000
17031835100,5585,835100
17031835200,2038,835200
17031835500,1584,835500
17031835600,898,835600
17031835800,1698,835800
17031836000,2338,836000
17031836100,1893,836100
17031836200,2178,836200
17031836300,1492,836300
17031836400,3621,836400
17031836500,1527,836500
17031836600,2929,836600
17031836700,2481,836700
17031836800,2645,836800
17031836900,1439,836900
17031837000,2042,837000
17031837100,1652,837100
17031837300,2489,837300
17031837400,1990,837400
17031837800,2837,837800
17031838000,2651,838000
17031838100,1821,838100
17031838200,1675,838200
17031838300,2580,838300
17031838600,1518,838600
17031838700,4132,838700
17031838800,3102,838800
17031839000,10435,839000
17031839100,8234,839100
17031839200,2749,839200
17031839500,1590,839500
17031839600,1729,839600
17031839700,4545,839700
17031839800,2686,839800
17031839900,4431,839900
17031840000,3001,840000
17031840100,3029,840100
17031840200,2497,840200
17031840300,4196,840300
17031840400,3369,840400
17031840700,3900,840700
17031840800,3332,840800
17031841000,1136,841000
17031841100,7356,841100
17031841200,4873,841200
17031841300,4173,841300
17031841500,2904,841500
17031841700,1509,841700
17031841800,2404,841800
17031841900,6500,841900
17031842000,2590,842000
17031842100,6650,842100
17031842200,4212,842200
17031842300,3529,842300
17031842400,3041,842400
17031842500,2644,842500
17031842600,4245,842600
17031842800,7637,842800
17031842900,2480,842900
17031843000,2880,843000
17031843100,1747,843100
17031843200,2422,843200
17031843300,1572,843300
17031843400,1524,843400
17031843500,6030,843500
17031843600,3089,843600
17031843700,2544,843700
17031843800,2000,843800
17031843900,3666,843900
17031844600,1776,844600
17031844700,2342,844700
17031980000,0,980000
17031980100,18,980100
17031990000,0,990000
17033880100,2656,880100
17033880200,3491,880200
17033880300,3338,880300
17033880400,2870,880400
17033880500,3414,880500
17033880600,2910,880600
17035972400,2913,972400
17035972500,3356,972500
17035972600,4181,972600
17037000100,6737,100
17037000200,4513,200
17037000300,2520,300
17037000401,3975,401
17037000402,5184,402
17037000500,4070,500
17037000600,5919,600
17037000700,3694,700
17037000800,6635,800
17037000900,4960,900
17037001002,5860,1002
17037001003,4134,1003
17037001004,2374,1004
17037001300,5267,1300
17037001400,6371,1400
17037001500,3831,1500
17037001600,4383,1600
17037001700,3388,1700
17037001800,3764,1800
17037001900,2363,1900
17037002000,4732,2000
17037002100,2461,2100
17037002200,3285,2200
17039971400,2493,971400
17039971500,2601,971500
17039971600,3589,971600
17039971700,3271,971700
17039971800,3562,971800
17041952000,2181,952000
17041952100,4025,952100
17041952200,4668,952200
17041952300,5395,952300
17041952400,3471,952400
17043840000,2835,840000
17043840101,5680,840101
17043840102,4734,840102
17043840103,6440,840103
17043840104,6031,840104
17043840201,6348,840201
17043840202,5065,840202
17043840303,3597,840303
17043840304,3627,840304
17043840600,5068,840600
17043840703,4295,840703
17043840704,3217,840704
17043840705,3759,840705
17043840706,3370,840706
17043840801,2621,840801
17043840802,5866,840802
17043840901,3833,840901
17043840904,3610,840904
17043840906,2970,840906
17043840907,4658,840907
17043840908,4420,840908
17043840910,4918,840910
17043840911,3125,840911
17043841002,3321,841002
17043841003,3631,841003
17043841004,3480,841004
17043841102,5787,841102
17043841103,3775,841103
17043841104,4411,841104
17043841108,4589,841108
17043841109,4057,841109
17043841110,3478,841110
17043841111,3651,841111
17043841112,3112,841112
17043841113,3886,841113
17043841114,4476,841114
17043841204,5974,841204
17043841205,4506,841205
17043841206,5877,841206
17043841207,2945,841207
17043841208,5048,841208
17043841209,3952,841209
17043841210,4385,841210
17043841307,5799,841307
17043841308,4028,841308
17043841310,3512,841310
17043841312,3795,841312
17043841313,2872,841313
17043841314,6288,841314
17043841315,3371,841315
17043841316,3555,841316
17043841318,2835,841318
17043841320,2613,841320
17043841321,2391,841321
17043841322,4326,841322
17043841323,3102,841323
17043841324,2683,841324
17043841325,5535,841325
17043841326,3356,841326
17043841327,4366,841327
17043841401,6894,841401
17043841403,3899,841403
17043841404,3223,841404
17043841501,5927,841501
17043841503,3600,841503
17043841504,2970,841504
17043841603,4709,841603
17043841604,4169,841604
17043841605,3552,841605
17043841606,2065,841606
17043841607,4884,841607
17043841704,4609,841704
17043841705,5858,841705
17043841706,4564,841706
17043841707,3305,841707
17043841708,4594,841708
17043841801,5305,841801
17043841802,5515,841802
17043841901,2467,841901
17043841902,4088,841902
17043842000,4400,842000
17043842100,5891,842100
17043842200,4731,842200
17043842300,3584,842300
17043842400,5062,842400
17043842500,3578,842500
17043842601,4107,842601
17043842602,4335,842602
17043842603,4359,842603
17043842604,4383,842604
17043842605,4289,842605
17043842702,4479,842702
17043842703,4039,842703
17043842704,5215,842704
17043842706,4787,842706
17043842708,2551,842708
17043842709,3471,842709
17043842710,3805,842710
17043842711,2810,842711
17043842800,4781,842800
17043842900,6022,842900
17043843000,4087,843000
17043843100,3970,843100
17043843200,5335,843200
17043843301,4020,843301
17043843302,2959,843302
17043843400,3492,843400
17043843500,5528,843500
17043843601,3426,843601
17043843602,3106,843602
17043843700,4373,843700
17043843800,3433,843800
17043843900,4216,843900
17043844001,3716,844001
17043844002,4205,844002
17043844100,4077,844100
17043844201,5822,844201
17043844202,2741,844202
17043844304,4077,844304
17043844305,3962,844305
17043844306,5956,844306
17043844307,3749,844307
17043844308,2383,844308
17043844309,2390,844309
17043844310,2417,844310
17043844401,4075,844401
17043844402,4670,844402
17043844501,3277,844501
17043844502,3247,844502
17043844601,3627,844601
17043844602,5286,844602
17043844701,4265,844701
17043844702,5601,844702
17043844801,4376,844801
17043844802,3472,844802
17043844901,3716,844901
17043844902,4229,844902
17043845000,5458,845000
17043845100,6522,845100
17043845200,4847,845200
17043845300,3166,845300
17043845401,3656,845401
17043845402,3060,845402
17043845502,5413,845502
17043845505,4066,845505
17043845506,3995,845506
17043845507,3423,845507
17043845508,3753,845508
17043845509,3334,845509
17043845510,3308,845510
17043845601,4354,845601
17043845602,4965,845602
17043845701,3935,845701
17043845702,4839,845702
17043845703,4582,845703
17043845704,4896,845704
17043845802,3689,845802
17043845803,5649,845803
17043845805,4145,845805
17043845807,6100,845807
17043845808,3868,845808
17043845809,4374,845809
17043845810,4067,845810
17043845811,3891,845811
17043845901,3418,845901
17043845902,3489,845902
17043846002,4737,846002
17043846003,4490,846003
17043846004,3756,846004
17043846102,4606,846102
17043846103,5257,846103
17043846104,4359,846104
17043846105,3499,846105
17043846106,3639,846106
17043846201,5855,846201
17043846202,6426,846202
17043846203,4383,846203
17043846205,3708,846205
17043846206,4244,846206
17043846207,5345,846207
17043846208,3179,846208
17043846209,4167,846209
17043846304,6258,846304
17043846305,5687,846305
17043846307,4752,846307
17043846308,3825,846308
17043846310,4551,846310
17043846311,5232,846311
17043846312,4506,846312
17043846313,5021,846313
17043846314,3332,846314
17043846315,4226,846315
17043846404,6135,846404
17043846405,3899,846405
17043846408,4291,846408
17043846409,4529,846409
17043846410,5071,846410
17043846411,5312,846411
17043846412,4726,846412
17043846413,3708,846413
17043846504,6350,846504
17043846507,3166,846507
17043846509,5876,846509
17043846510,3271,846510
17043846511,6565,846511
17043846513,2766,846513
17043846514,4159,846514
17043846515,5420,846515
17043846517,6116,846517
17043846518,3648,846518
17043846519,3191,846519
17043846521,5036,846521
17043846522,4046,846522
17043846523,2775,846523
17043846524,4709,846524
17043846603,4070,846603
17043846604,3697,846604
17043846701,4159,846701
17043846702,3872,846702
17045070100,2459,70100
17045070200,1729,70200
17045070300,3906,70300
17045070400,5270,70400
17045070500,3502,70500
17047956900,2153,956900
17047957000,2037,957000
17047957100,2055,957100
17049950100,3910,950100
17049950200,5196,950200
17049950300,4130,950300
17049950400,3649,950400
17049950500,4629,950500
17049950600,5499,950600
17049950700,3587,950700
17049950800,4068,950800
17051950500,2670,950500
17051950600,2328,950600
17051950700,3913,950700
17051950800,5600,950800
17051950900,2031,950900
17051951000,2045,951000
17051951100,2901,951100
17053961600,1745,961600
17053961700,1840,961700
17053961800,4628,961800
17053961900,1750,961900
17053962000,3571,962000
17055040100,3025,40100
17055040200,2979,40200
17055040300,3046,40300
17055040400,3636,40400
17055040500,3053,40500
17055040600,2640,40600
17055040700,4370,40700
17055040800,3259,40800
17055040900,2313,40900
17055041000,2541,41000
17055041100,3298,41100
17055041200,3644,41200
17057952800,2658,952800
17057952900,3028,952900
17057953000,2120,953000
17057953100,2301,953100
17057953200,2570,953200
17057953300,3278,953300
17057953400,1724,953400
17057953500,4273,953500
17057953600,4409,953600
17057953700,2320,953700
17057953800,2454,953800
17057953900,2474,953900
17059972700,2304,972700
17059972800,2642,972800
17061973600,3082,973600
17061973700,1588,973700
17061973800,1619,973800
17061973900,2315,973900
17061974000,3381,974000
17063000102,8255,102
17063000103,7593,103
17063000200,6864,200
17063000300,3350,300
17063000400,5675,400
17063000500,2799,500
17063000600,2826,600
17063000700,6113,700
17063000800,5465,800
17063000900,3593,900
17065973100,3023,973100
17065973200,2367,973200
17065973300,2603,973300
17067953700,2079,953700
17067953800,2598,953800
17067953900,1802,953900
17067954000,2259,954000
17067954100,3164,954100
17067954200,2270,954200
17067954300,3448,954300
17069970900,2071,970900
17069971000,1578,971000
17071973300,1999,973300
17071973400,1701,973400
17071973500,2687,973500
17073030100,5757,30100
17073030201,4496,30201
17073030202,3823,30202
17073030203,4430,30203
17073030301,3711,30301
17073030302,3464,30302
17073030400,2482,30400
17073030500,2330,30500
17073030600,2781,30600
17073030800,3552,30800
17073030900,3570,30900
17073031000,3470,31000
17073031100,2613,31100
17073031200,2805,31200
17075950100,2528,950100
17075950200,3586,950200
17075950300,3179,950300
17075950400,3227,950400
17075950500,3795,950500
17075950600,3490,950600
17075950700,2752,950700
17075950800,2327,950800
17075950900,2193,950900
17077010100,3366,10100
17077010200,3850,10200
17077010300,2759,10300
17077010400,4298,10400
17077010601,1970,10601
17077010602,3288,10602
17077010700,2991,10700
17077010800,3345,10800
17077010900,2364,10900
17077011001,1653,11001
17077011002,4495,11002
17077011100,2604,11100
17077011200,5091,11200
17077011400,3057,11400
17077011600,3721,11600
17077011701,1354,11701
17077011702,2768,11702
17079977300,2830,977300
17079977400,2671,977400
17079977500,3786,977500
17081050100,4142,50100
17081050200,3077,50200
17081050300,4243,50300
17081050400,4733,50400
17081050500,3724,50500
17081050600,3084,50600
17081050700,3669,50700
17081050800,4155,50800
17081050900,2351,50900
17081051000,1356,51000
17081051100,2579,51100
17083010100,5152,10100
17083010200,3320,10200
17083010300,3602,10300
17083010401,6098,10401
17083010402,1877,10402
17083010500,1463,10500
17085020101,1778,20101
17085020102,2460,20102
17085020200,4800,20200
17085020300,4909,20300
17085020401,2197,20401
17085020402,2896,20402
17085020500,2995,20500
17087977600,4332,977600
17087977700,3067,977700
17087977800,3462,977800
17087980000,2447,980000
17089850101,6608,850101
17089850103,6034,850103
17089850105,6895,850105
17089850106,7801,850106
17089850201,4156,850201
17089850202,6823,850202
17089850301,7667,850301
17089850302,4788,850302
17089850400,2553,850400
17089850500,3954,850500
17089850600,7443,850600
17089850703,2128,850703
17089850704,4916,850704
17089850705,9050,850705
17089850706,1922,850706
17089850707,8375,850707
17089850708,4473,850708
17089850709,3862,850709
17089850710,7261,850710
17089850711,4808,850711
17089850800,6968,850800
17089851000,6693,851000
17089851101,4377,851101
17089851102,3710,851102
17089851301,3843,851301
17089851302,3203,851302
17089851400,6806,851400
17089851500,1049,851500
17089851600,6623,851600
17089851801,8379,851801
17089851904,7754,851904
17089851907,7921,851907
17089851908,5121,851908
17089851909,4367,851909
17089851910,3927,851910
17089851911,5317,851911
17089851912,3358,851912
17089851913,5668,851913
17089852001,4492,852001
17089852002,6722,852002
17089852004,2911,852004
17089852005,4902,852005
17089852101,7015,852101
17089852103,6526,852103
17089852104,2986,852104
17089852201,4832,852201
17089852203,4997,852203
17089852204,4467,852204
17089852300,2052,852300
17089852403,5111,852403
17089852404,2545,852404
17089852405,3112,852405
17089852406,2874,852406
17089852407,3513,852407
17089852408,4754,852408
17089852500,6500,852500
17089852606,4584,852606
17089852607,3611,852607
17089852608,3703,852608
17089852700,7086,852700
17089852803,4992,852803
17089852805,5552,852805
17089852806,6814,852806
17089852807,3897,852807
17089852808,7022,852808
17089852903,5193,852903
17089852904,2079,852904
17089852905,4684,852905
17089852906,5176,852906
17089852907,4930,852907
17089853001,3586,853001
17089853004,3228,853004
17089853005,5521,853005
17089853006,3343,853006
17089853007,5574,853007
17089853008,4122,853008
17089853100,2793,853100
17089853200,6044,853200
17089853300,3745,853300
17089853401,2189,853401
17089853402,4527,853402
17089853500,4530,853500
17089853601,3002,853601
17089853602,3478,853602
17089853900,5744,853900
17089854001,4099,854001
17089854002,5676,854002
17089854100,4117,854100
17089854200,4700,854200
17089854301,5371,854301
17089854302,3970,854302
17089854401,2727,854401
17089854402,3726,854402
17089854403,6710,854403
17089854504,7941,854504
17089854505,7821,854505
17089854506,3887,854506
17089854507,5722,854507
17089854508,5861,854508
17089854509,6781,854509
17089854600,3976,854600
17089854700,2345,854700
17089854800,7998,854800
17089854900,5433,854900
17091010100,2450,10100
17091010201,2101,10201
17091010203,4597,10203
17091010204,5261,10204
17091010300,3671,10300
17091010400,5011,10400
17091010500,6718,10500
17091010601,5529,10601
17091010602,6137,10602
17091010701,4648,10701
17091010702,6860,10702
17091010800,3624,10800
17091010900,4294,10900
17091011000,1847,11000
17091011100,1873,11100
17091011200,2024,11200
17091011300,2091,11300
17091011400,1623,11400
17091011500,1987,11500
17091011600,1589,11600
17091011700,3151,11700
17091011800,2653,11800
17091011900,1317,11900
17091012000,4927,12000
17091012100,3352,12100
17091012200,3215,12200
17091012300,4080,12300
17091012400,4548,12400
17091012500,2103,12500
17091012600,4221,12600
17093890103,5506,890103
17093890104,6050,890104
17093890105,9032,890105
17093890106,4966,890106
17093890107,4869,890107
17093890108,5473,890108
17093890201,4416,890201
17093890202,3089,890202
17093890301,6159,890301
17093890302,6091,890302
17093890401,6290,890401
17093890402,9883,890402
17093890403,5970,890403
17093890404,9887,890404
17093890501,9398,890501
17093890502,4638,890502
17093890601,4513,890601
17093890602,5700,890602
17093890701,5364,890701
17093890702,5527,890702
17093890703,9048,890703
17095000100,3011,100
17095000200,2985,200
17095000300,4134,300
17095000400,4873,400
17095000500,5462,500
17095000600,3497,600
17095000700,1901,700
17095000800,2391,800
17095000900,2047,900
17095001000,3657,1000
17095001100,2245,1100
17095001200,1612,1200
17095001300,3722,1300
17095001400,1717,1400
17095001500,3682,1500
17095001600,3031,1600
17097860103,3376,860103
17097860104,3452,860104
17097860105,5191,860105
17097860106,3491,860106
17097860200,3492,860200
17097860301,3440,860301
17097860302,3032,860302
17097860400,5865,860400
17097860500,4724,860500
17097860600,7663,860600
17097860805,1648,860805
17097860806,5148,860806
17097860807,3469,860807
17097860808,2639,860808
17097860809,2930,860809
17097860811,4429,860811
17097860812,3816,860812
17097860813,3300,860813
17097860903,6270,860903
17097860905,5608,860905
17097860906,10453,860906
17097860907,3845,860907
17097860908,1875,860908
17097861007,4180,861007
17097861008,5271,861008
17097861009,5131,861009
17097861010,5930,861010
17097861011,7864,861011
17097861012,4861,861012
17097861013,3052,861013
17097861014,3663,861014
17097861105,4330,861105
17097861106,8127,861106
17097861107,4047,861107
17097861108,5948,861108
17097861201,6730,861201
17097861202,4031,861202
17097861301,5080,861301
17097861303,4778,861303
17097861304,3368,861304
17097861402,8778,861402
17097861403,2556,861403
17097861404,5947,861404
17097861504,8472,861504
17097861505,3543,861505
17097861506,6109,861506
17097861507,3076,861507
17097861508,3437,861508
17097861509,3295,861509
17097861510,5071,861510
17097861603,6106,861603
17097861604,5636,861604
17097861607,4569,861607
17097861608,3652,861608
17097861609,4716,861609
17097861610,3755,861610
17097861611,4471,861611
17097861701,1804,861701
17097861702,4289,861702
17097861803,6683,861803
17097861804,4090,861804
17097861901,3747,861901
17097861902,6376,861902
17097862000,6070,862000
17097862100,5383,862100
17097862200,3969,862200
17097862300,3146,862300
17097862401,3619,862401
17097862402,3026,862402
17097862501,3942,862501
17097862502,2281,862502
17097862603,7062,862603
17097862604,4694,862604
17097862605,4097,862605
17097862700,4238,862700
17097862800,1963,862800
17097862901,3692,862901
17097862902,2782,862902
17097863003,5857,863003
17097863004,3613,863004
17097863005,4523,863005
17097863006,898,863006
17097863100,2563,863100
17097863201,3310,863201
17097863202,5478,863202
17097863300,2629,863300
17097863400,4276,863400
17097863500,4538,863500
17097863601,3508,863601
17097863603,3518,863603
17097863604,2990,863604
17097863701,4556,863701
17097863702,4045,863702
17097863801,5108,863801
17097863902,6000,863902
17097863903,4424,863903
17097863904,5972,863904
17097864001,6270,864001
17097864002,6068,864002
17097864105,6006,864105
17097864106,4023,864106
17097864107,4920,864107
17097864108,5868,864108
17097864109,6196,864109
17097864110,6233,864110
17097864203,4310,864203
17097864204,4484,864204
17097864206,3478,864206
17097864207,7478,864207
17097864208,3878,864208
17097864303,4581,864303
17097864305,4030,864305
17097864306,2292,864306
17097864307,1861,864307
17097864308,4528,864308
17097864402,8168,864402
17097864403,5852,864403
17097864407,6632,864407
17097864408,6232,864408
17097864409,4572,864409
17097864410,5066,864410
17097864411,4851,864411
17097864412,4090,864412
17097864510,4961,864510
17097864511,6403,864511
17097864512,4659,864512
17097864513,6301,864513
17097864514,2653,864514
17097864515,3020,864515
17097864516,4695,864516
17097864517,2933,864517
17097864518,5594,864518
17097864519,5169,864519
17097864520,5698,864520
17097864521,2537,864521
17097864522,4967,864522
17097864523,4024,864523
17097864524,3297,864524
17097864601,3606,864601
17097864602,3824,864602
17097864700,2914,864700
17097864801,5561,864801
17097864802,3093,864802
17097864901,4371,864901
17097864903,4907,864903
17097864904,2450,864904
17097865000,1276,865000
17097865200,5361,865200
17097865300,3505,865300
17097865400,4197,865400
17097865501,2470,865501
17097865502,2313,865502
17097865600,3497,865600
17097865700,5985,865700
17097865801,3257,865801
17097865802,2945,865802
17097866000,6842,866000
17097866100,3433,866100
17097866200,6162,866200
17097990000,0,990000
17099961701,6351,961701
17099961702,3120,961702
17099961800,3685,961800
17099961900,4285,961900
17099962000,3539,962000
17099962100,5100,962100
17099962200,4880,962200
17099962300,6936,962300
17099962400,3836,962400
17099962500,2288,962500
17099962600,5727,962600
17099962700,2169,962700
17099962800,3355,962800
17099962900,3056,962900
17099963000,4734,963000
17099963100,3226,963100
17099963200,2967,963200
17099963300,2410,963300
17099963400,3856,963400
17099963500,4954,963500
17099963600,3310,963600
17099963700,5459,963700
17099963800,4114,963800
17099963900,4919,963900
17099964000,2416,964000
17099964100,3612,964100
17099964200,2288,964200
17099964300,3066,964300
17101880700,2644,880700
17101880800,4948,880800
17101880900,2711,880900
17101881000,1823,881000
17101881100,3154,881100
17103000100,2762,100
17103000200,3227,200
17103000300,4072,300
17103000400,7503,400
17103000500,4709,500
17103000600,3425,600
17103000700,1809,700
17103000800,3399,800
17103000900,3239,900
17105960100,4012,960100
17105960200,3305,960200
17105960300,3117,960300
17105960400,3099,960400
17105960500,3187,960500
17105960600,4098,960600
17105960700,4755,960700
17105960800,5554,960800
17105960900,2287,960900
17105961000,2401,961000
17107952900,3532,952900
17107953000,2365,953000
17107953100,3103,953100
17107953200,3692,953200
17107953300,3335,953300
17107953400,3783,953400
17107953500,5069,953500
17107953600,3108,953600
17109010100,3454,10100
17109010200,1806,10200
17109010300,1973,10300
17109010401,1031,10401
17109010402,3565,10402
17109010600,2143,10600
17109010700,4017,10700
17109010900,2324,10900
17109011000,2182,11000
17109011100,2700,11100
17109980000,2043,980000
17111870103,2517,870103
17111870104,4848,870104
17111870105,3504,870105
17111870106,3091,870106
17111870200,5959,870200
17111870301,4545,870301
17111870302,4550,870302
17111870402,5884,870402
17111870403,4404,870403
17111870404,3896,870404
17111870501,4351,870501
17111870502,4637,870502
17111870603,4357,870603
17111870604,6113,870604
17111870605,6322,870605
17111870606,3945,870606
17111870702,7588,870702
17111870703,5350,870703
17111870704,3605,870704
17111870807,5178,870807
17111870808,3682,870808
17111870809,6801,870809
17111870810,4406,870810
17111870811,4493,870811
17111870812,4715,870812
17111870813,5115,870813
17111870814,3954,870814
17111870903,3600,870903
17111870904,4812,870904
17111870905,4683,870905
17111870906,5510,870906
17111870907,2967,870907
17111871003,4352,871003
17111871004,6072,871004
17111871105,5227,871105
17111871107,5369,871107
17111871108,5556,871108
17111871109,4888,871109
17111871110,4360,871110
17111871111,5352,871111
17111871112,5344,871112
17111871113,3988,871113
17111871114,4999,871114
17111871115,2994,871115
17111871201,6779,871201
17111871202,5827,871202
17111871205,4596,871205
17111871206,6648,871206
17111871207,4772,871207
17111871208,3820,871208
17111871209,3482,871209
17111871301,4831,871301
17111871304,3417,871304
17111871305,6502,871305
17111871307,4646,871307
17111871310,4323,871310
17111871311,4786,871311
17111871312,6393,871312
17111871313,1793,871313
17111871402,6099,871402
17111871404,4389,871404
17111871501,6302,871501
17111871502,8411,871502
17111871600,4530,871600
17113000105,3931,105
17113000106,2568,106
17113000107,3931,107
17113000108,6024,108
17113000109,6001,109
17113000200,5446,200
17113000301,4221,301
17113000302,5585,302
17113000400,2789,400
17113000501,2523,501
17113000502,2413,502
17113000504,5046,504
17113000506,3752,506
17113000507,2779,507
17113001103,3249,1103
17113001105,4744,1105
17113001106,3142,1106
17113001107,3824,1107
17113001108,4656,1108
17113001200,2395,1200
17113001301,1809,1301
17113001302,2077,1302
17113001303,1526,1303
17113001402,3786,1402
17113001403,3981,1403
17113001404,4349,1404
17113001500,2268,1500
17113001600,2425,1600
17113001700,2179,1700
17113001800,3085,1800
17113002101,5052,2101
17113002102,1542,2102
17113005102,7385,5102
17113005103,4985,5103
17113005104,4600,5104
17113005201,1197,5201
17113005202,3113,5202
17113005401,7291,5401
17113005402,3708,5402
17113005501,2353,5501
17113005502,2420,5502
17113005601,1782,5601
17113005602,2037,5602
17113005700,4981,5700
17113005800,4210,5800
17113005900,4100,5900
17113006000,3694,6000
17115000200,2327,200
17115000300,3523,300
17115000400,1175,400
17115000501,797,501
17115000502,2415,502
17115000600,1625,600
17115000900,1682,900
17115001000,1158,1000
17115001100,3194,1100
17115001200,2694,1200
17115001300,2275,1300
17115001400,2374,1400
17115001500,3961,1500
17115001600,2136,1600
17115001700,2129,1700
17115001801,2209,1801
17115001802,2148,1802
17115001900,2476,1900
17115002001,1039,2001
17115002002,2745,2002
17115002100,1270,2100
17115002200,5293,2200
17115002300,2898,2300
17115002401,2464,2401
17115002402,5327,2402
17115002500,7213,2500
17115002601,3938,2601
17115002602,1990,2602
17115002700,2233,2700
17115002800,4090,2800
17115002901,4242,2901
17115002902,4597,2902
17115002904,5120,2904
17115002905,1549,2905
17115002906,2721,2906
17115003000,3230,3000
17115003100,1741,3100
17117956000,3064,956000
17117956100,3099,956100
17117956200,2333,956200
17117956300,3073,956300
17117956400,5329,956400
17117956500,2506,956500
17117956600,4575,956600
17117956700,4011,956700
17117956800,2664,956800
17117956900,3579,956900
17117957000,3474,957000
17117957100,2584,957100
17117957200,4676,957200
17119400101,2510,400101
17119400102,5137,400102
17119400200,3815,400200
17119400600,2378,400600
17119400700,1498,400700
17119400801,1784,400801
17119400802,5869,400802
17119400903,5201,400903
17119400904,3162,400904
17119400951,5001,400951
17119400952,3127,400952
17119401000,2314,401000
17119401101,2739,401101
17119401102,3520,401102
17119401200,1853,401200
17119401300,4715,401300
17119401400,3032,401400
17119401500,2440,401500
17119401701,2556,401701
17119401721,5532,401721
17119401722,2796,401722
17119401800,5977,401800
17119401901,1830,401901
17119401905,4748,401905
17119402000,4086,402000
17119402100,3061,402100
17119402200,3228,402200
17119402300,1664,402300
17119402400,1538,402400
17119402500,1822,402500
17119402600,2555,402600
17119402701,7191,402701
17119402721,7722,402721
17119402722,2828,402722
17119402801,3587,402801
17119402803,3371,402803
17119402804,2540,402804
17119402805,5592,402805
17119402900,5283,402900
17119403001,5216,403001
17119403002,7212,403002
17119403101,6944,403101
17119403121,9528,403121
17119403122,6486,403122
17119403200,4466,403200
17119403300,2800,403300
17119403401,3846,403401
17119403403,2807,403403
17119403404,3093,403404
17119403502,5870,403502
17119403531,8319,403531
17119403532,5611,403532
17119403533,10554,403533
17119403534,3965,403534
17119403601,3646,403601
17119403603,1866,403603
17119403604,6247,403604
17119403701,6759,403701
17119403702,6271,403702
17119403801,5198,403801
17119403802,4431,403802
17119404000,2289,404000
17119404100,2833,404100
17121951600,3371,951600
17121951700,2478,951700
17121951800,2288,951800
17121951900,2817,951900
17121952000,4413,952000
17121952100,3175,952100
17121952200,3985,952200
17121952300,3454,952300
17121952400,3717,952400
17121952500,2538,952500
17121952600,2148,952600
17121952700,3345,952700
17123961100,2412,961100
17123961200,2426,961200
17123961300,2092,961300
17123961400,2766,961400
17123961500,2046,961500
17125956300,2695,956300
17125956400,1858,956400
17125956500,2990,956500
17125956600,1762,956600
17125956700,1650,956700
17125956800,2131,956800
17127970100,4965,970100
17127970200,3726,970200
17127970300,3248,970300
17127970400,2230,970400
17129010100,6004,10100
17129010200,3988,10200
17129010300,2305,10300
17131040100,4518,40100
17131040200,3518,40200
17131040300,3783,40300
17131040400,3880,40400
17133600102,4892,600102
17133600103,3687,600103
17133600104,4315,600104
17133600401,7144,600401
17133600402,4880,600402
17133600501,6872,600501
17133600502,3172,600502
17135957300,3286,957300
17135957400,2236,957400
17135957500,2990,957500
17135957600,3455,957600
17135957700,2935,957700
17135957800,3217,957800
17135957900,4590,957900
17135958000,5579,958000
17137951400,2400,951400
17137951500,2894,951500
17137951600,3146,951600
17137951700,2888,951700
17137951800,3453,951800
17137951900,4620,951900
17137952000,3786,952000
17137952100,3538,952100
17137952200,2980,952200
17137952300,3210,952300
17139976900,4973,976900
17139977000,2356,977000
17139977100,3127,977100
17139977200,4070,977200
17141960700,4328,960700
17141960800,3412,960800
17141960900,4604,960900
17141961001,3190,961001
17141961002,3664,961002
17141961100,3791,961100
17141961200,7183,961200
17141961301,2483,961301
17141961302,2588,961302
17141961400,3975,961400
17141961500,4310,961500
17141961600,3295,961600
17141961700,4965,961700
17143000200,1513,200
17143000300,1792,300
17143000600,2560,600
17143000900,2723,900
17143001200,1467,1200
17143001300,1745,1300
17143001500,1628,1500
17143001600,3444,1600
17143001800,3130,1800
17143001900,1021,1900
17143002000,2889,2000
17143002100,4377,2100
17143002200,4082,2200
17143002300,4618,2300
17143002400,4545,2400
17143002500,3399,2500
17143002600,1716,2600
17143002701,3757,2701
17143002702,3901,2702
17143002800,3280,2800
17143002900,3810,2900
17143003000,4662,3000
17143003101,5432,3101
17143003103,2783,3103
17143003104,3467,3104
17143003200,4142,3200
17143003300,3021,3300
17143003402,4276,3402
17143003403,3395,3403
17143003404,8402,3404
17143003601,2815,3601
17143003602,5345,3602
17143003700,3757,3700
17143003800,3050,3800
17143003900,9246,3900
17143004000,4443,4000
17143004101,7350,4101
17143004102,3086,4102
17143004200,3570,4200
17143004300,2275,4300
17143004400,4365,4400
17143004500,4892,4500
17143004600,5052,4600
17143004801,4355,4801
17143004802,4210,4802
17143004901,3436,4901
17143004902,4961,4902
17143005000,1994,5000
17143005100,2651,5100
17145030100,2902,30100
17145030200,7114,30200
17145030300,2061,30300
17145030400,2432,30400
17145030500,2526,30500
17145030600,3910,30600
17147954500,4426,954500
17147954600,6310,954600
17147954700,3174,954700
17147954800,2763,954800
17149952400,2937,952400
17149952500,2431,952500
17149952600,2915,952600
17149952700,4362,952700
17149952800,2094,952800
17151971200,1991,971200
17151971300,1772,971300
17153971000,2678,971000
17153971100,2515,971100
17155954500,2814,954500
17155954600,2823,954600
17157950500,2063,950500
17157950600,4181,950600
17157950700,2424,950700
17157950800,4681,950800
17157950900,3193,950900
17157951000,2587,951000
17157951100,3358,951100
17157951201,1783,951201
17157951202,3082,951202
17157951300,2811,951300
17159977900,3784,977900
17159978000,2033,978000
17159978100,4009,978100
17159978200,2672,978200
17159978300,3315,978300
17161020101,2545,20101
17161020102,3609,20102
17161020103,934,20103
17161020200,3624,20200
17161020301,4358,20301
17161020302,2426,20302
17161020400,5967,20400
17161020600,2267,20600
17161020700,1615,20700
17161020800,5110,20800
17161020900,5715,20900
17161021000,3812,21000
17161021100,3862,21100
17161021200,4634,21200
17161021300,4772,21300
17161021400,1175,21400
17161021500,4358,21500
17161021600,2687,21600
17161021700,3676,21700
17161021800,4837,21800
17161021900,1594,21900
17161022000,4077,22000
17161022100,2553,22100
17161022200,4006,22200
17161022300,2081,22300
17161022600,2014,22600
17161022800,5335,22800
17161022900,2815,22900
17161023000,3998,23000
17161023100,2745,23100
17161023200,4931,23200
17161023300,3254,23300
17161023500,1943,23500
17161023600,1609,23600
17161023700,2322,23700
17161024000,4186,24000
17161024101,3590,24101
17161024102,5383,24102
17161024103,3777,24103
17161024200,4045,24200
17161024300,2566,24300
17161024400,1896,24400
17161024500,1969,24500
17163500400,1046,500400
17163500500,1464,500500
17163500900,2485,500900
17163501100,1216,501100
17163501200,2626,501200
17163501300,2568,501300
17163501400,2167,501400
17163501501,1580,501501
17163501502,2613,501502
17163501602,4980,501602
17163501604,4323,501604
17163501605,2535,501605
17163501606,3605,501606
17163501607,2332,501607
17163501700,3185,501700
17163501801,3045,501801
17163501802,2481,501802
17163501900,3269,501900
17163502100,2246,502100
17163502200,1171,502200
17163502300,5205,502300
17163502401,832,502401
17163502404,3702,502404
17163502500,1004,502500
17163502602,4809,502602
17163502603,2915,502603
17163502700,975,502700
17163502800,2155,502800
17163502900,1634,502900
17163503101,2525,503101
17163503102,4653,503102
17163503202,5461,503202
17163503203,6756,503203
17163503211,4146,503211
17163503301,3588,503301
17163503304,6759,503304
17163503322,7555,503322
17163503323,6399,503323
17163503324,6109,503324
17163503332,5109,503332
17163503334,6153,503334
17163503404,7971,503404
17163503411,3419,503411
17163503412,6082,503412
17163503413,5683,503413
17163503414,5969,503414
17163503415,3079,503415
17163503416,3767,503416
17163503800,1280,503800
17163503903,3853,503903
17163503905,2996,503905
17163503906,5295,503906
17163503907,5444,503907
17163503908,6429,503908
17163504001,5184,504001
17163504002,5511,504002
17163504351,3529,504351
17163504352,4203,504352
17163504353,4362,504353
17163504354,6321,504354
17163504355,5300,504355
17163504356,4519,504356
17163504357,4408,504357
17163504358,3883,504358
17163504359,4137,504359
17163504501,2329,504501
17163504502,1301,504502
17163504600,1765,504600
17165955100,2143,955100
17165955500,2199,955500
17165955600,2489,955600
17165955700,2663,955700
17165955800,3022,955800
17165955900,2344,955900
17165956000,2730,956000
17165956100,2622,956100
17165956200,3556,956200
17167000100,3517,100
17167000201,2296,201
17167000202,3330,202
17167000300,2405,300
17167000400,2640,400
17167000501,2130,501
17167000503,3667,503
17167000504,2802,504
17167000600,4791,600
17167000700,2077,700
17167000800,1889,800
17167000900,2183,900
17167001001,2151,1001
17167001003,1377,1003
17167001004,4729,1004
17167001100,2358,1100
17167001200,3377,1200
17167001300,1724,1300
17167001400,1183,1400
17167001600,2930,1600
17167001800,1982,1800
17167001900,3066,1900
17167002001,3711,2001
17167002002,2450,2002
17167002100,3582,2100
17167002200,3212,2200
17167002300,2184,2300
17167002400,3310,2400
17167002500,5104,2500
17167002600,2514,2600
17167002700,3044,2700
17167002801,2974,2801
17167002802,3174,2802
17167002900,4921,2900
17167003000,5798,3000
17167003100,7518,3100
17167003201,5125,3201
17167003202,5052,3202
17167003203,6535,3203
17167003300,4845,3300
17167003400,5930,3400
17167003500,5175,3500
17167003601,2720,3601
17167003602,4703,3602
17167003603,5693,3603
17167003604,5750,3604
17167003701,4575,3701
17167003702,4234,3702
17167003801,2559,3801
17167003802,5864,3802
17167003901,5325,3901
17167003902,3953,3902
17167004000,4212,4000
17167004200,1993,4200
17169970100,2087,970100
17169970200,3068,970200
17169970300,1747,970300
17171970600,1685,970600
17171970700,3264,970700
17173959100,3444,959100
17173959200,2775,959200
17173959300,4935,959300
17173959400,3333,959400
17173959500,3463,959500
17173959600,3040,959600
17175951400,2981,951400
17175951500,2419,951500
17177000100,4500,100
17177000200,3132,200
17177000300,3841,300
17177000400,2733,400
17177000500,2929,500
17177000600,3091,600
17177000700,1474,700
17177000800,3134,800
17177000900,4844,900
17177001000,4354,1000
17177001100,3224,1100
17177001200,3622,1200
17177001300,3752,1300
17179020100,2458,20100
17179020301,4544,20301
17179020302,4929,20302
17179020400,4979,20400
17179020500,4267,20500
17179020600,1984,20600
17179020700,4281,20700
17179020800,2909,20800
17179020900,1934,20900
17179021000,5251,21000
17179021101,6352,21101
17179021102,5730,21102
17179021201,4919,21201
17179021202,3139,21202
17179021203,4866,21203
17179021500,6940,21500
17179021603,5752,21603
17179021604,1921,21604
17179021605,2642,21605
17179021606,6158,21606
17179021701,5916,21701
17179021702,5547,21702
17179021801,5040,21801
17179021802,1939,21802
17179021900,4351,21900
17179022000,4090,22000
17179022100,3352,22100
17179022200,4449,22200
17179022300,6033,22300
17179022400,4671,22400
17181950100,4158,950100
17181950200,2374,950200
17181950300,1911,950300
17181950400,5224,950400
17181950500,3577,950500
17183000100,1534,100
17183000200,1367,200
17183000300,1955,300
17183000400,3077,400
17183000500,3693,500
17183000600,2216,600
17183000700,3572,700
17183000800,2241,800
17183000900,2149,900
17183001200,3036,1200
17183001300,3593,1300
17183010100,3068,10100
17183010200,5007,10200
17183010300,4459,10300
17183010400,2282,10400
17183010500,3432,10500
17183010600,4139,10600
17183010701,2894,10701
17183010702,2963,10702
17183010800,3209,10800
17183010900,2836,10900
17183011000,3767,11000
17183011100,2428,11100
17183011200,5271,11200
17185957200,3649,957200
17185957300,3051,957300
17185957400,1986,957400
17185957500,2675,957500
17187870100,2087,870100
17187870200,2573,870200
17187870300,2561,870300
17187870400,4804,870400
17187870500,4810,870500
17189950100,3082,950100
17189950200,3684,950200
17189950300,3077,950300
17189950400,3918,950400
17191954900,3266,954900
17191955000,4335,955000
17191955100,2714,955100
17191955200,3032,955200
17191955300,2832,955300
17193958000,1999,958000
17193958100,3294,958100
17193958200,2651,958200
17193958300,2846,958300
17193958400,3087,958400
17195000100,3527,100
17195000200,3008,200
17195000300,3249,300
17195000400,3031,400
17195000500,3645,500
17195000600,4012,600
17195000700,2736,700
17195000800,1946,800
17195000900,3623,900
17195001000,2939,1000
17195001101,2639,1101
17195001102,2108,1102
17195001200,3842,1200
17195001300,2417,1300
17195001400,2243,1400
17195001500,3218,1500
17195001600,2538,1600
17195001700,2892,1700
17195001800,2078,1800
17197880105,7471,880105
17197880106,4494,880106
17197880107,5101,880107
17197880109,5283,880109
17197880111,3683,880111
17197880112,2031,880112
17197880113,3725,880113
17197880114,2896,880114
17197880115,3276,880115
17197880116,2913,880116
17197880117,3649,880117
17197880118,4676,880118
17197880119,4445,880119
17197880122,5914,880122
17197880123,3709,880123
17197880124,3940,880124
17197880125,5463,880125
17197880202,4716,880202
17197880203,3813,880203
17197880204,6150,880204
17197880303,4117,880303
17197880304,5018,880304
17197880305,5410,880305
17197880307,6448,880307
17197880309,4959,880309
17197880314,7478,880314
17197880315,3846,880315
17197880316,3824,880316
17197880317,6383,880317
17197880318,3718,880318
17197880319,5010,880319
17197880320,3481,880320
17197880321,3941,880321
17197880322,6727,880322
17197880323,6782,880323
17197880324,5198,880324
17197880325,3273,880325
17197880326,3281,880326
17197880408,5050,880408
17197880411,3328,880411
17197880412,4189,880412
17197880414,4281,880414
17197880416,3158,880416
17197880417,2553,880417
17197880418,4933,880418
17197880421,6407,880421
17197880422,3788,880422
17197880423,3763,880423
17197880424,5131,880424
17197880425,4649,880425
17197880426,4181,880426
17197880427,2733,880427
17197880428,4879,880428
17197880429,4953,880429
17197880430,3723,880430
17197880431,6262,880431
17197880432,4275,880432
17197880502,4998,880502
17197880503,4350,880503
17197880508,3775,880508
17197880509,3908,880509
17197880510,3187,880510
17197880511,3997,880511
17197880601,3069,880601
17197880602,3389,880602
17197880701,4405,880701
17197880702,2712,880702
17197880901,6156,880901
17197880903,3068,880903
17197880905,2705,880905
17197881001,5411,881001
17197881002,5056,881002
17197881005,3589,881005
17197881006,2473,881006
17197881007,5843,881007
17197881009,7972,881009
17197881010,4056,881010
17197881011,3401,881011
17197881012,2953,881012
17197881105,7543,881105
17197881107,2857,881107
17197881108,6746,881108
17197881109,4398,881109
17197881111,2971,881111
17197881112,5581,881112
17197881113,5493,881113
17197881115,4311,881115
17197881116,3809,881116
17197881201,2460,881201
17197881202,2095,881202
17197881301,3040,881301
17197881302,1307,881302
17197881401,3413,881401
17197881402,3295,881402
17197881500,3558,881500
17197881601,1979,881601
17197881603,3301,881603
17197881604,2617,881604
17197881700,3170,881700
17197881800,4057,881800
17197881900,3770,881900
17197882000,3152,882000
17197882100,2377,882100
17197882200,4824,882200
17197882300,3891,882300
17197882400,3811,882400
17197882500,2090,882500
17197882601,3301,882601
17197882602,2809,882602
17197882701,2499,882701
17197882702,3095,882702
17197882801,2722,882801
17197882802,3018,882802
17197882900,2387,882900
17197883000,3428,883000
17197883100,3961,883100
17197883206,4211,883206
17197883208,3165,883208
17197883209,2901,883209
17197883210,2735,883210
17197883211,6584,883211
17197883212,6239,883212
17197883213,5872,883213
17197883214,2375,883214
17197883216,3249,883216
17197883217,4103,883217
17197883218,4279,883218
17197883219,3766,883219
17197883303,3907,883303
17197883304,1721,883304
17197883305,3045,883305
17197883306,3567,883306
17197883307,3898,883307
17197883401,4018,883401
17197883402,1940,883402
17197883504,5594,883504
17197883505,8769,883505
17197883507,3878,883507
17197883509,4521,883509
17197883510,7057,883510
17197883511,4854,883511
17197883513,5641,883513
17197883514,7214,883514
17197883515,4183,883515
17197883516,8095,883516
17197883517,3266,883517
17197883519,5601,883519
17197883521,3304,883521
17197883522,3275,883522
17197883602,5508,883602
17197883603,3012,883603
17197883605,2891,883605
17197883606,4138,883606
17197883700,3255,883700
17197883803,2500,883803
17197883804,2859,883804
17197883806,3281,883806
17197883808,1414,883808
17197883809,3630,883809
17197883810,3795,883810
17197883811,3025,883811
17197883902,6495,883902
17197883903,1793,883903
17197883904,4365,883904
17197884003,4400,884003
17197884004,2464,884004
17197884005,1367,884005
17197884006,2124,884006
17197884101,3744,884101
17197884103,2642,884103
17197980000,0,980000
17197980100,2739,980100
17199020100,3483,20100
17199020201,5552,20201
17199020202,3150,20202
17199020300,5067,20300
17199020400,3496,20400
17199020500,3400,20500
17199020600,3798,20600
17199020700,4791,20700
17199020801,2806,20801
17199020802,4131,20802
17199020900,4704,20900
17199021001,2594,21001
17199021002,1509,21002
17199021003,1120,21003
17199021100,2958,21100
17199021200,4404,21200
17199021300,4688,21300
17199021400,5502,21400
17201000101,4727,101
17201000103,2729,103
17201000104,2665,104
17201000105,4161,105
17201000200,3152,200
17201000300,3786,300
17201000401,2191,401
17201000402,3009,402
17201000403,4438,403
17201000501,4916,501
17201000502,3862,502
17201000506,4166,506
17201000507,3996,507
17201000510,3155,510
17201000511,2511,511
17201000512,5366,512
17201000513,4022,513
17201000514,3368,514
17201000515,2727,515
17201000516,4071,516
17201000600,4259,600
17201000700,3065,700
17201000800,2860,800
17201001000,2065,1000
17201001100,1243,1100
17201001200,2191,1200
17201001300,2110,1300
17201001400,4122,1400
17201001500,5454,1500
17201001600,5556,1600
17201001700,3117,1700
17201001800,4762,1800
17201001900,3463,1900
17201002000,2366,2000
17201002100,1780,2100
17201002200,3508,2200
17201002301,2410,2301
17201002302,1249,2302
17201002400,2464,2400
17201002500,2626,2500
17201002600,2736,2600
17201002700,2993,2700
17201002800,1388,2800
17201002900,1117,2900
17201003000,1689,3000
17201003100,3788,3100
17201003200,3092,3200
17201003300,3542,3300
17201003400,4579,3400
17201003500,2323,3500
17201003601,1565,3601
17201003602,3963,3602
17201003604,3080,3604
17201003605,1963,3605
17201003606,2670,3606
17201003705,4749,3705
17201003706,6474,3706
17201003707,3579,3707
17201003708,3086,3708
17201003709,1907,3709
17201003710,2551,3710
17201003711,4078,3711
17201003801,6457,3801
17201003805,7284,3805
17201003806,5090,3806
17201003808,3578,3808
17201003809,4649,3809
17201003810,6495,3810
17201003811,1360,3811
17201003901,4983,3901
17201003903,6095,3903
17201003904,4762,3904
17201004002,6613,4002
17201004003,2102,4003
17201004004,5870,4004
17201004005,3155,4005
17201004100,5153,4100
17201004200,6095,4200
17201004300,5007,4300
17201980000,2,980000
17203030100,2430,30100
17203030200,2760,30200
17203030300,2813,30300
17203030400,5782,30400
17203030501,7842,30501
17203030502,2387,30502
17203030601,6324,30601
17203030602,3597,30602
17203030700,4532,30700
